"interval_no","interval_name","max_ma","min_ma","X_Ft","X_bL","X_FL","X_bt","sampled_in_bin","implied_in_bin","n_occs"
"922","Late Pleistocene","0.129","0.0117","0","615","31","0","646","14","21992"
"1203","Chibanian","0.774","0.129","2","71","9","613","470","9","7373"
"740","Calabrian","1.8","0.774","2","122","8","682","610","10","10647"
"741","Gelasian","2.58","1.8","1","54","13","803","379","7","2944"
"96","Piacenzian","3.6","2.58","3","64","12","854","623","12","16048"
"97","Zanclean","5.333","3.6","11","103","12","907","750","13","18091"
"98","Messinian","7.246","5.333","9","68","26","1001","660","18","8943"
"99","Tortonian","11.63","7.246","29","109","23","1040","859","20","23207"
"100","Serravallian","13.82","11.63","37","84","35","1112","877","33","20510"
"101","Langhian","15.98","13.82","12","24","4","1184","567","6","5652"
"102","Burdigalian","20.45","15.98","86","66","30","1122","929","25","26062"
"103","Aquitanian","23.04","20.45","21","11","4","1167","441","9","2728"
"104","Chattian","27.3","23.04","58","43","23","1120","689","26","9319"
"105","Rupelian","33.9","27.3","68","56","40","1095","783","33","14163"
"106","Priabonian","37.71","33.9","57","113","62","1094","898","33","12744"
"107","Bartonian","41.03","37.71","52","31","16","1155","683","28","18868"
"108","Lutetian","48.07","41.03","89","47","29","1097","805","27","16850"
"109","Ypresian","56","48.07","194","41","126","950","921","41","13947"
"110","Thanetian","59.24","56","38","15","11","953","420","23","5311"
"743","Selandian","61.66","59.24","17","6","5","951","276","8","2538"
"111","Danian","66","61.66","86","28","3","871","539","26","8497"
"112","Maastrichtian","72.2","66","49","146","30","850","696","40","32238"
"113","Campanian","83.6","72.2","90","77","38","906","776","40","21024"
"114","Santonian","85.7","83.6","23","26","6","960","421","24","5269"
"115","Coniacian","89.8","85.7","11","13","2","975","318","13","3389"
"116","Turonian","93.9","89.8","47","60","53","941","577","29","9649"
"117","Cenomanian","100.5","93.9","112","77","59","889","728","40","15562"
"118","Albian","113.2","100.5","87","55","15","879","648","35","12543"
"119","Aptian","121.4","113.2","89","31","13","845","545","29","8575"
"120","Barremian","125.77","121.4","34","26","11","842","395","24","4309"
"121","Hauterivian","132.6","125.77","35","36","7","833","388","22","5238"
"122","Valanginian","137.05","132.6","33","20","1","836","355","18","6901"
"123","Berriasian","143.1","137.05","51","37","22","805","370","32","4064"
"124","Tithonian","149.2","143.1","53","56","26","789","518","36","9728"
"125","Kimmeridgian","154.8","149.2","61","19","17","784","483","36","8719"
"126","Oxfordian","161.5","154.8","62","27","8","741","455","23","13869"
"127","Callovian","165.3","161.5","45","21","9","723","379","20","11440"
"128","Bathonian","168.2","165.3","70","17","15","674","407","28","8809"
"129","Bajocian","170.9","168.2","43","17","5","648","293","11","5604"
"130","Aalenian","174.7","170.9","22","4","0","643","211","9","3543"
"131","Toarcian","184.2","174.7","64","55","35","583","397","28","17590"
"132","Pliensbachian","192.9","184.2","37","24","6","601","327","16","19282"
"133","Sinemurian","199.5","192.9","50","19","20","575","335","18","8239"
"134","Hettangian","201.4","199.5","44","8","6","550","257","14","3737"
"135","Rhaetian","205.7","201.4","51","89","14","507","390","23","6120"
"136","Norian","227.3","205.7","47","83","33","549","484","27","11811"
"137","Carnian","237","227.3","67","70","19","565","499","33","11777"
"138","Ladinian","241.464","237","47","42","13","588","398","25","6341"
"139","Anisian","246.7","241.464","139","41","50","491","503","32","15869"
"652","Olenekian","249.9","246.7","68","37","20","464","295","15","11084"
"653","Induan","251.902","249.9","49","23","1","452","201","8","7574"
"715","Changhsingian","254.14","251.902","25","150","17","450","395","10","14716"
"716","Wuchiapingian","259.51","254.14","35","99","12","565","468","14","20248"
"145","Capitanian","264.28","259.51","19","58","20","645","403","12","8629"
"146","Wordian","266.9","264.28","36","38","17","667","445","16","9686"
"717","Roadian","274.4","266.9","38","73","29","667","515","13","14164"
"148","Kungurian","283.3","274.4","75","49","40","665","545","16","15375"
"149","Artinskian","290.1","283.3","27","41","17","687","416","8","7974"
"150","Sakmarian","293.52","290.1","18","11","2","710","343","6","6767"
"151","Asselian","298.9","293.52","27","12","3","694","351","6","5428"
"49","Gzhelian","303.7","298.9","19","23","7","687","339","19","6761"
"50","Kasimovian","307","303.7","15","27","10","695","308","17","3711"
"51","Moscovian","315.2","307","57","49","57","665","493","29","6277"
"52","Bashkirian","323.4","315.2","79","18","26","635","414","13","4594"
"53","Serpukhovian","330.3","323.4","31","36","20","622","382","35","6999"
"54","Visean","346.7","330.3","96","43","12","562","501","19","14289"
"55","Tournaisian","358.86","346.7","84","34","21","521","412","20","8629"
"177","Famennian","372.15","358.86","61","116","41","494","459","29","9501"
"178","Frasnian","382.31","372.15","25","77","26","585","424","22","13961"
"179","Givetian","387.95","382.31","52","119","25","610","610","36","26922"
"180","Eifelian","393.47","387.95","33","45","6","696","457","16","8770"
"181","Emsian","410.62","393.47","105","113","48","636","674","30","14601"
"182","Pragian","413.02","410.62","42","16","9","707","409","15","6287"
"183","Lochkovian","419.62","413.02","87","38","36","636","536","19","10548"
"184","Ludfordian","425","422.7","66","86","16","608","580","28","16069"
"185","Gorstian","426.7","425","11","7","1","683","280","7","2628"
"785","Homerian","430.6","426.7","47","24","8","643","467","29","11342"
"188","Sheinwoodian","432.9","430.6","22","10","7","645","331","5","4721"
"189","Telychian","438.6","432.9","102","43","22","553","503","24","12830"
"190","Aeronian","440.5","438.6","34","3","2","562","266","12","3339"
"191","Rhuddanian","443.1","440.5","21","10","1","544","251","12","6317"
"192","Hirnantian","445.2","443.1","18","38","1","536","295","12","3798"
"1008","Katian","452.8","445.2","109","136","18","465","660","27","37819"
"1009","Sandbian","458.2","452.8","114","38","13","487","569","15","26778"
"556","Darriwilian","469.4","458.2","162","56","19","363","534","17","19139"
"1079","Dapingian","471.3","469.4","30","3","4","389","206","8","3336"
"1010","Floian","477.1","471.3","76","24","11","316","335","19","7692"
"559","Tremadocian","486.85","477.1","202","29","13","138","334","17","10796"
"1112","Stage 10","491","486.85","16","17","8","151","110","7","2383"
"1113","Jiangshanian","494.2","491","18","5","2","150","85","4","2322"
"1086","Paibian","497","494.2","16","24","3","139","96","5","2654"
"1087","Guzhangian","500.5","497","20","26","2","143","107","7","2892"
"1116","Drumian","504.5","500.5","31","36","7","138","162","12","3306"
"1205","Wuliuan","506.5","504.5","23","25","6","151","127","9","2032"
"1118","Stage 4","514.5","506.5","74","123","58","102","345","23","10344"
"1119","Stage 3","521","514.5","141","4","39","84","258","15","7147"
"1120","Stage 2","529","521","53","3","4","35","92","10","3347"
"1121","Fortunian","538.8","529","38","0","1","0","39","6","1034"
